2011-01-01 01:00:00,0
2011-01-01 18:00:00,0
2011-01-01 19:00:00,1
2011-01-01 20:00:00,0
2011-01-02 05:00:00,0
2011-01-02 06:00:00,0
2011-01-02 08:00:00,0
2011-01-02 09:00:00,0
2011-01-02 10:00:00,1
2011-01-02 12:00:00,0
2011-01-02 13:00:00,0
2011-01-02 14:00:00,2
2011-01-02 15:00:00,1
2011-01-02 16:00:00,2
2011-01-07 00:00:00,0
2011-01-07 01:00:00,0
2011-01-07 06:00:00,0
2011-01-08 01:00:00,0
2011-01-08 02:00:00,0
2011-01-08 03:00:00,0
2011-01-08 04:00:00,0
2011-01-08 05:00:00,0
2011-01-08 06:00:00,0
2011-01-08 07:00:00,0
2011-01-08 08:00:00,0
2011-01-08 09:00:00,2
2011-01-08 10:00:00,0
2011-01-11 12:00:00,0
2011-01-11 13:00:00,0
2011-01-11 14:00:00,0
2011-01-11 15:00:00,0
2011-01-11 18:00:00,1
2011-01-11 19:00:00,1
2011-01-11 20:00:00,5
2011-01-11 21:00:00,1
2011-01-11 22:00:00,3
2011-01-11 23:00:00,0
2011-01-12 00:00:00,0
2011-01-17 19:00:00,0
2011-01-17 20:00:00,0
2011-01-17 21:00:00,2
2011-01-17 22:00:00,6
2011-01-17 23:00:00,6
2011-01-18 00:00:00,10
2011-01-18 01:00:00,8
2011-01-18 02:00:00,5
2011-01-18 03:00:00,5
2011-01-18 04:00:00,1
2011-01-18 05:00:00,0
2011-01-18 06:00:00,0
2011-01-18 07:00:00,0
2011-01-18 08:00:00,0
2011-01-19 01:00:00,1
2011-01-19 02:00:00,0
2011-01-19 03:00:00,1
2011-01-21 00:00:00,0
2011-01-21 01:00:00,0
2011-01-21 02:00:00,0
2011-01-21 03:00:00,1
2011-01-21 04:00:00,0
2011-01-26 03:00:00,1
2011-01-26 04:00:00,8
2011-01-26 05:00:00,3
2011-01-26 06:00:00,8
2011-01-26 07:00:00,2
2011-01-26 08:00:00,6
2011-01-26 09:00:00,4
2011-01-26 10:00:00,3
2011-01-26 11:00:00,0
2011-01-26 12:00:00,0
2011-01-26 13:00:00,0
2011-01-26 14:00:00,0
2011-01-26 15:00:00,2
2011-01-26 16:00:00,28
2011-01-26 17:00:00,22
2011-01-26 18:00:00,16
2011-01-26 19:00:00,11
2011-01-26 20:00:00,11
2011-01-26 21:00:00,21
2011-01-26 22:00:00,5
2011-01-26 23:00:00,1
2011-01-27 00:00:00,0
2011-01-28 10:00:00,0
2011-01-28 11:00:00,2
2011-01-28 12:00:00,4
2011-01-28 13:00:00,0
2011-01-28 14:00:00,1
2011-01-28 15:00:00,0
2011-01-31 20:00:00,0
2011-01-31 21:00:00,0
2011-01-31 22:00:00,0
2011-02-01 01:00:00,0
2011-02-01 04:00:00,0
2011-02-01 05:00:00,0
2011-02-01 06:00:00,0
2011-02-01 07:00:00,0
2011-02-01 08:00:00,0
2011-02-01 09:00:00,0
2011-02-01 10:00:00,0
2011-02-01 20:00:00,0
2011-02-01 23:00:00,5
2011-02-02 00:00:00,5
2011-02-02 01:00:00,10
2011-02-02 02:00:00,21
2011-02-02 03:00:00,24
2011-02-02 04:00:00,4
2011-02-02 05:00:00,2
2011-02-02 06:00:00,4
2011-02-02 07:00:00,1
2011-02-02 08:00:00,0
2011-02-02 09:00:00,0
2011-02-05 02:00:00,0
2011-02-05 03:00:00,0
2011-02-05 04:00:00,0
2011-02-05 05:00:00,1
2011-02-05 06:00:00,0
2011-02-05 07:00:00,0
2011-02-05 08:00:00,1
2011-02-05 09:00:00,3
2011-02-05 10:00:00,3
2011-02-05 11:00:00,2
2011-02-05 12:00:00,1
2011-02-05 13:00:00,1
2011-02-05 14:00:00,0
2011-02-05 15:00:00,1
2011-02-05 16:00:00,0
2011-02-05 17:00:00,0
2011-02-05 20:00:00,1
2011-02-08 03:00:00,1
2011-02-08 04:00:00,0
2011-02-09 19:00:00,0
2011-02-09 20:00:00,0
2011-02-09 21:00:00,1
2011-02-09 22:00:00,0
2011-02-09 23:00:00,0
2011-02-10 00:00:00,0
2011-02-10 01:00:00,0
2011-02-20 20:00:00,0
2011-02-21 12:00:00,0
2011-02-21 13:00:00,1
2011-02-21 16:00:00,0
2011-02-21 17:00:00,0
2011-02-21 18:00:00,0
2011-02-21 19:00:00,1
2011-02-21 20:00:00,0
2011-02-21 21:00:00,0
2011-02-21 22:00:00,1
2011-02-21 23:00:00,7
2011-02-22 00:00:00,4
2011-02-22 01:00:00,3
2011-02-22 02:00:00,3
2011-02-22 03:00:00,0
2011-02-22 04:00:00,0
2011-02-22 05:00:00,1
2011-02-22 06:00:00,0
2011-02-22 07:00:00,0
2011-02-24 16:00:00,0
2011-02-24 17:00:00,0
2011-02-24 18:00:00,0
2011-02-24 19:00:00,0
2011-02-24 20:00:00,0
2011-02-24 22:00:00,0
2011-02-24 23:00:00,3
2011-02-25 00:00:00,3
2011-02-25 01:00:00,0
2011-02-25 06:00:00,0
2011-02-25 07:00:00,9
2011-02-25 08:00:00,10
2011-02-25 09:00:00,4
2011-02-25 10:00:00,0
2011-02-25 11:00:00,1
2011-02-25 13:00:00,0
2011-02-25 14:00:00,3
2011-02-28 01:00:00,2
2011-02-28 02:00:00,10
2011-02-28 03:00:00,2
2011-02-28 07:00:00,0
2011-02-28 12:00:00,0
2011-02-28 13:00:00,13
2011-02-28 14:00:00,2
2011-02-28 15:00:00,7
2011-02-28 16:00:00,10
2011-02-28 17:00:00,11
2011-02-28 18:00:00,8
2011-02-28 19:00:00,1
2011-02-28 20:00:00,0
2011-02-28 21:00:00,0
2011-02-28 22:00:00,0
2011-02-28 23:00:00,0
2011-03-01 01:00:00,0
2011-03-05 07:00:00,0
2011-03-06 07:00:00,1
2011-03-06 08:00:00,9
2011-03-06 09:00:00,4
2011-03-06 11:00:00,1
2011-03-06 12:00:00,1
2011-03-06 15:00:00,18
2011-03-06 16:00:00,40
2011-03-06 17:00:00,26
2011-03-06 18:00:00,8
2011-03-06 19:00:00,4
2011-03-06 20:00:00,2
2011-03-06 21:00:00,14
2011-03-06 22:00:00,10
2011-03-06 23:00:00,1
2011-03-07 00:00:00,0
2011-03-07 01:00:00,2
2011-03-07 02:00:00,0
2011-03-07 03:00:00,0
2011-03-09 22:00:00,0
2011-03-09 23:00:00,2
2011-03-10 00:00:00,2
2011-03-10 01:00:00,7
2011-03-10 02:00:00,5
2011-03-10 03:00:00,5
2011-03-10 04:00:00,7
2011-03-10 05:00:00,11
2011-03-10 06:00:00,15
2011-03-10 07:00:00,8
2011-03-10 08:00:00,3
2011-03-10 09:00:00,9
2011-03-10 10:00:00,5
2011-03-10 11:00:00,4
2011-03-10 12:00:00,9
2011-03-10 13:00:00,2
2011-03-10 14:00:00,7
2011-03-10 15:00:00,2
2011-03-10 16:00:00,5
2011-03-10 17:00:00,13
2011-03-10 18:00:00,0
2011-03-10 19:00:00,3
2011-03-10 20:00:00,11
2011-03-10 21:00:00,2
2011-03-10 22:00:00,6
2011-03-10 23:00:00,2
2011-03-11 00:00:00,0
2011-03-11 01:00:00,0
2011-03-11 02:00:00,1
2011-03-11 03:00:00,0
2011-03-11 04:00:00,1
2011-03-15 20:00:00,0
2011-03-15 21:00:00,5
2011-03-15 22:00:00,7
2011-03-15 23:00:00,0
2011-03-16 00:00:00,11
2011-03-16 01:00:00,30
2011-03-16 02:00:00,8
2011-03-16 03:00:00,3
2011-03-20 23:00:00,0
2011-03-21 00:00:00,0
2011-03-21 01:00:00,0
2011-03-21 06:00:00,0
2011-03-21 07:00:00,17
2011-03-21 08:00:00,2
2011-03-22 23:00:00,0
2011-03-23 00:00:00,0
2011-03-23 01:00:00,1
2011-03-23 02:00:00,0
2011-03-23 03:00:00,0
2011-03-23 04:00:00,0
2011-03-23 05:00:00,0
2011-03-23 06:00:00,0
2011-03-23 13:00:00,0
2011-03-23 14:00:00,0
2011-03-23 19:00:00,0
2011-03-23 20:00:00,18
2011-03-23 21:00:00,24
2011-03-23 22:00:00,0
2011-03-23 23:00:00,0
2011-03-24 00:00:00,0
2011-03-24 07:00:00,0
2011-03-24 08:00:00,5
2011-03-24 09:00:00,0
2011-03-27 01:00:00,0
2011-03-27 02:00:00,0
2011-03-27 03:00:00,0
2011-03-27 04:00:00,0
2011-03-27 05:00:00,2
2011-03-27 06:00:00,0
2011-03-27 07:00:00,0
2011-03-27 08:00:00,0
2011-03-30 15:00:00,1
2011-03-30 16:00:00,1
2011-03-30 17:00:00,1
2011-03-30 18:00:00,5
2011-03-30 19:00:00,1
2011-03-30 20:00:00,3
2011-03-30 21:00:00,1
2011-03-30 22:00:00,1
2011-03-30 23:00:00,1
2011-03-31 00:00:00,0
2011-03-31 01:00:00,0
2011-03-31 02:00:00,0
2011-03-31 03:00:00,1
2011-03-31 04:00:00,0
2011-03-31 05:00:00,0
2011-03-31 06:00:00,0
2011-03-31 07:00:00,0
2011-03-31 08:00:00,0
2011-03-31 10:00:00,0
2011-03-31 11:00:00,0
2011-03-31 12:00:00,0
2011-03-31 13:00:00,0
2011-03-31 14:00:00,0
2011-03-31 15:00:00,0
2011-03-31 16:00:00,0
2011-03-31 20:00:00,0
2011-03-31 21:00:00,0
2011-03-31 22:00:00,0
2011-03-31 23:00:00,0
2011-04-01 00:00:00,3
2011-04-01 01:00:00,5
2011-04-01 02:00:00,0
2011-04-01 03:00:00,1
2011-04-01 04:00:00,2
2011-04-01 05:00:00,0
2011-04-01 06:00:00,0
2011-04-01 07:00:00,0
2011-04-01 08:00:00,0
2011-04-02 07:00:00,0
2011-04-02 08:00:00,0
2011-04-02 12:00:00,0
2011-04-02 13:00:00,1
2011-04-02 14:00:00,2
2011-04-02 15:00:00,1
2011-04-02 16:00:00,0
2011-04-03 20:00:00,0
2011-04-03 21:00:00,0
2011-04-05 01:00:00,0
2011-04-05 02:00:00,0
2011-04-05 04:00:00,22
2011-04-05 05:00:00,1
2011-04-05 06:00:00,1
2011-04-05 07:00:00,0
2011-04-05 08:00:00,4
2011-04-05 09:00:00,7
2011-04-05 10:00:00,1
2011-04-05 11:00:00,6
2011-04-05 12:00:00,0
2011-04-08 03:00:00,1
2011-04-08 04:00:00,1
2011-04-08 07:00:00,0
2011-04-08 08:00:00,0
2011-04-08 12:00:00,0
2011-04-08 13:00:00,7
2011-04-08 14:00:00,8
2011-04-08 15:00:00,7
2011-04-08 16:00:00,3
2011-04-08 17:00:00,0
2011-04-08 18:00:00,4
2011-04-08 19:00:00,4
2011-04-08 21:00:00,0
2011-04-09 03:00:00,0
2011-04-09 04:00:00,1
2011-04-09 05:00:00,0
2011-04-11 23:00:00,0
2011-04-12 00:00:00,0
2011-04-12 07:00:00,0
2011-04-12 08:00:00,0
2011-04-12 09:00:00,12
2011-04-12 10:00:00,2
2011-04-12 11:00:00,0
2011-04-12 13:00:00,0
2011-04-12 14:00:00,5
2011-04-12 15:00:00,0
2011-04-12 18:00:00,0
2011-04-13 02:00:00,6
2011-04-13 03:00:00,9
2011-04-13 04:00:00,5
2011-04-13 05:00:00,4
2011-04-13 06:00:00,0
2011-04-13 07:00:00,1
2011-04-13 08:00:00,0
2011-04-13 09:00:00,6
2011-04-13 10:00:00,0
2011-04-13 11:00:00,0
2011-04-13 12:00:00,0
2011-04-13 13:00:00,0
2011-04-16 06:00:00,0
2011-04-16 07:00:00,0
2011-04-16 08:00:00,0
2011-04-16 09:00:00,6
2011-04-16 10:00:00,13
2011-04-16 11:00:00,4
2011-04-16 12:00:00,3
2011-04-16 13:00:00,0
2011-04-16 14:00:00,0
2011-04-16 15:00:00,0
2011-04-16 16:00:00,12
2011-04-16 17:00:00,6
2011-04-16 18:00:00,0
2011-04-16 20:00:00,0
2011-04-16 21:00:00,15
2011-04-16 22:00:00,1
2011-04-16 23:00:00,0
2011-04-17 00:00:00,0
2011-04-19 10:00:00,0
2011-04-19 11:00:00,1
2011-04-22 09:00:00,0
2011-04-22 10:00:00,0
2011-04-22 11:00:00,0
2011-04-22 12:00:00,3
2011-04-22 13:00:00,6
2011-04-22 14:00:00,1
2011-04-22 15:00:00,1
2011-04-22 16:00:00,1
2011-04-22 17:00:00,3
2011-04-22 18:00:00,6
2011-04-22 19:00:00,4
2011-04-22 20:00:00,2
2011-04-22 21:00:00,1
2011-04-22 22:00:00,2
2011-04-22 23:00:00,2
2011-04-23 00:00:00,4
2011-04-23 01:00:00,0
2011-04-23 02:00:00,1
2011-04-23 03:00:00,2
2011-04-23 04:00:00,2
2011-04-23 05:00:00,0
2011-04-23 06:00:00,0
2011-04-23 07:00:00,0
2011-04-23 08:00:00,0
2011-04-23 23:00:00,0
2011-04-24 20:00:00,17
2011-04-24 21:00:00,0
2011-04-24 22:00:00,45
2011-04-24 23:00:00,4
2011-04-25 00:00:00,8
2011-04-25 01:00:00,0
2011-04-26 22:00:00,0
2011-04-26 23:00:00,0
2011-04-27 07:00:00,0
2011-04-27 18:00:00,0
2011-04-27 19:00:00,1
2011-04-27 21:00:00,0
2011-04-27 22:00:00,0
2011-04-27 23:00:00,0
2011-04-28 05:00:00,0
2011-04-28 06:00:00,0
2011-04-28 09:00:00,0
2011-04-28 10:00:00,2
2011-04-28 11:00:00,1
2011-04-28 12:00:00,0
2011-04-28 16:00:00,0
2011-04-28 17:00:00,0
2011-05-01 01:00:00,0
2011-05-01 11:00:00,1
2011-05-01 13:00:00,0
2011-05-01 14:00:00,0
2011-05-01 15:00:00,0
2011-05-01 16:00:00,0
2011-05-01 17:00:00,0
2011-05-01 18:00:00,0
2011-05-02 06:00:00,0
2011-05-04 00:00:00,2
2011-05-04 01:00:00,2
2011-05-04 02:00:00,4
2011-05-04 03:00:00,6
2011-05-04 04:00:00,10
2011-05-04 05:00:00,6
2011-05-04 06:00:00,4
2011-05-04 07:00:00,4
2011-05-04 08:00:00,5
2011-05-04 09:00:00,9
2011-05-04 10:00:00,2
2011-05-04 15:00:00,0
2011-05-04 16:00:00,0
2011-05-04 18:00:00,4
2011-05-06 19:00:00,0
2011-05-07 14:00:00,0
2011-05-08 18:00:00,0
2011-05-13 04:00:00,0
2011-05-13 06:00:00,0
2011-05-13 07:00:00,0
2011-05-13 08:00:00,0
2011-05-13 11:00:00,0
2011-05-13 18:00:00,0
2011-05-13 19:00:00,0
2011-05-13 23:00:00,0
2011-05-14 00:00:00,0
2011-05-14 07:00:00,0
2011-05-14 08:00:00,3
2011-05-14 09:00:00,2
2011-05-14 12:00:00,0
2011-05-14 13:00:00,0
2011-05-14 14:00:00,0
2011-05-14 20:00:00,7
2011-05-14 21:00:00,17
2011-05-14 22:00:00,18
2011-05-14 23:00:00,1
2011-05-15 00:00:00,0
2011-05-15 05:00:00,0
2011-05-15 06:00:00,0
2011-05-15 18:00:00,0
2011-05-16 16:00:00,19
2011-05-16 17:00:00,0
2011-05-17 01:00:00,0
2011-05-17 02:00:00,0
2011-05-17 03:00:00,0
2011-05-17 04:00:00,0
2011-05-17 05:00:00,0
2011-05-17 06:00:00,0
2011-05-17 07:00:00,0
2011-05-17 10:00:00,0
2011-05-17 11:00:00,0
2011-05-17 13:00:00,1
2011-05-17 18:00:00,0
2011-05-18 02:00:00,3
2011-05-18 03:00:00,0
2011-05-18 04:00:00,1
2011-05-18 10:00:00,1
2011-05-18 11:00:00,10
2011-05-18 12:00:00,4
2011-05-18 20:00:00,0
2011-05-18 21:00:00,1
2011-05-18 22:00:00,0
2011-05-18 23:00:00,0
2011-05-19 11:00:00,0
2011-05-19 12:00:00,0
2011-05-19 14:00:00,0
2011-05-19 15:00:00,0
2011-05-19 22:00:00,12
2011-05-20 13:00:00,0
2011-05-20 14:00:00,0
2011-05-20 17:00:00,0
2011-05-22 14:00:00,0
2011-05-23 02:00:00,0
2011-05-23 03:00:00,2
2011-05-23 04:00:00,0
2011-05-23 17:00:00,0
2011-05-23 18:00:00,0
2011-05-24 08:00:00,0
2011-05-24 09:00:00,3
2011-05-24 22:00:00,0
2011-05-24 23:00:00,0
2011-05-25 01:00:00,0
2011-05-27 19:00:00,6
2011-05-27 20:00:00,0
2011-05-28 14:00:00,0
2011-06-01 01:00:00,0
2011-06-01 17:00:00,0
2011-06-01 18:00:00,11
2011-06-01 19:00:00,5
2011-06-05 06:00:00,0
2011-06-09 21:00:00,0
2011-06-09 22:00:00,0
2011-06-10 00:00:00,0
2011-06-10 01:00:00,4
2011-06-10 02:00:00,0
2011-06-10 20:00:00,0
2011-06-11 17:00:00,0
2011-06-12 17:00:00,7
2011-06-12 18:00:00,0
2011-06-14 17:00:00,0
2011-06-16 07:00:00,1
2011-06-16 08:00:00,0
2011-06-16 16:00:00,0
2011-06-16 17:00:00,3
2011-06-16 18:00:00,1
2011-06-16 19:00:00,0
2011-06-16 22:00:00,0
2011-06-16 23:00:00,43
2011-06-17 00:00:00,35
2011-06-17 16:00:00,0
2011-06-17 18:00:00,1
2011-06-17 19:00:00,19
2011-06-17 20:00:00,0
2011-06-18 23:00:00,0
2011-06-19 00:00:00,0
2011-06-19 01:00:00,0
2011-06-19 08:00:00,1
2011-06-19 09:00:00,0
2011-06-19 13:00:00,0
2011-06-19 14:00:00,0
2011-06-20 01:00:00,0
2011-06-20 02:00:00,0
2011-06-20 03:00:00,3
2011-06-20 04:00:00,9
2011-06-20 05:00:00,8
2011-06-20 06:00:00,2
2011-06-20 07:00:00,10
2011-06-20 08:00:00,2
2011-06-20 11:00:00,0
2011-06-21 01:00:00,0
2011-06-21 02:00:00,1
2011-06-21 05:00:00,0
2011-06-21 22:00:00,0
2011-06-22 05:00:00,0
2011-06-23 12:00:00,0
2011-06-23 13:00:00,0
2011-06-23 14:00:00,0
2011-06-27 00:00:00,1
2011-06-27 01:00:00,1
2011-06-27 02:00:00,0
2011-06-27 03:00:00,0
2011-06-27 06:00:00,0
2011-06-27 07:00:00,0
2011-06-28 22:00:00,0
2011-07-01 01:00:00,0
2011-07-03 03:00:00,2
2011-07-03 04:00:00,11
2011-07-03 05:00:00,49
2011-07-03 06:00:00,7
2011-07-03 18:00:00,18
2011-07-03 19:00:00,0
2011-07-03 20:00:00,0
2011-07-03 21:00:00,0
2011-07-04 23:00:00,0
2011-07-05 02:00:00,0
2011-07-06 09:00:00,3
2011-07-06 10:00:00,3
2011-07-06 11:00:00,1
2011-07-06 12:00:00,0
2011-07-08 15:00:00,0
2011-07-08 16:00:00,56
2011-07-08 17:00:00,4
2011-07-08 18:00:00,0
2011-07-08 23:00:00,0
2011-07-13 14:00:00,0
2011-07-13 15:00:00,95
2011-07-13 16:00:00,10
2011-07-19 18:00:00,24
2011-07-19 23:00:00,0
2011-07-20 00:00:00,0
2011-07-22 17:00:00,0
2011-07-25 13:00:00,15
2011-07-25 14:00:00,0
2011-07-25 15:00:00,2
2011-07-25 16:00:00,3
2011-08-01 01:00:00,0
2011-08-03 06:00:00,0
2011-08-03 07:00:00,0
2011-08-03 08:00:00,0
2011-08-03 10:00:00,1
2011-08-03 11:00:00,0
2011-08-03 12:00:00,0
2011-08-03 13:00:00,0
2011-08-03 14:00:00,0
2011-08-03 15:00:00,5
2011-08-03 16:00:00,14
2011-08-03 19:00:00,3
2011-08-03 20:00:00,4
2011-08-03 21:00:00,0
2011-08-03 22:00:00,1
2011-08-03 23:00:00,0
2011-08-04 00:00:00,0
2011-08-04 03:00:00,0
2011-08-04 04:00:00,1
2011-08-06 17:00:00,4
2011-08-06 19:00:00,0
2011-08-06 20:00:00,0
2011-08-06 21:00:00,0
2011-08-06 22:00:00,0
2011-08-07 00:00:00,0
2011-08-07 01:00:00,0
2011-08-07 16:00:00,30
2011-08-07 17:00:00,36
2011-08-07 18:00:00,1
2011-08-13 09:00:00,0
2011-08-13 12:00:00,22
2011-08-13 13:00:00,15
2011-08-13 14:00:00,0
2011-08-13 16:00:00,4
2011-08-14 00:00:00,0
2011-08-14 01:00:00,1
2011-08-14 02:00:00,0
2011-08-14 03:00:00,0
2011-08-14 04:00:00,0
2011-08-14 05:00:00,0
2011-08-14 06:00:00,1
2011-08-14 07:00:00,0
2011-08-14 08:00:00,1
2011-08-14 09:00:00,0
2011-08-14 10:00:00,1
2011-08-14 16:00:00,0
2011-08-14 22:00:00,85
2011-08-14 23:00:00,48
2011-08-15 00:00:00,0
2011-08-15 01:00:00,0
2011-08-18 17:00:00,0
2011-08-18 18:00:00,0
2011-08-18 19:00:00,0
2011-08-18 20:00:00,0
2011-08-18 21:00:00,0
2011-08-18 22:00:00,0
2011-08-19 00:00:00,0
2011-08-19 01:00:00,6
2011-08-19 02:00:00,2
2011-08-19 19:00:00,122
2011-08-19 20:00:00,31
2011-08-19 21:00:00,0
2011-08-21 15:00:00,27
2011-08-22 02:00:00,0
2011-08-22 03:00:00,0
2011-08-25 11:00:00,0
2011-08-25 12:00:00,17
2011-08-25 13:00:00,22
2011-08-25 14:00:00,1
2011-08-25 16:00:00,0
2011-08-25 17:00:00,2
2011-08-26 16:00:00,0
2011-08-26 17:00:00,1
2011-08-27 10:00:00,2
2011-08-27 11:00:00,2
2011-08-27 12:00:00,8
2011-08-27 13:00:00,11
2011-08-27 14:00:00,15
2011-08-27 15:00:00,29
2011-08-27 16:00:00,31
2011-08-27 17:00:00,41
2011-08-27 18:00:00,29
2011-08-27 19:00:00,20
2011-08-27 20:00:00,17
2011-08-27 21:00:00,27
2011-08-27 22:00:00,39
2011-08-27 23:00:00,31
2011-08-28 00:00:00,31
2011-08-28 01:00:00,7
2011-08-28 02:00:00,1
2011-08-28 03:00:00,12
2011-08-28 04:00:00,16
2011-08-28 05:00:00,1
2011-08-28 06:00:00,0
2011-08-28 07:00:00,4
2011-08-28 08:00:00,9
2011-08-28 09:00:00,0
2011-09-01 01:00:00,0
2011-09-01 14:00:00,0
2011-09-01 15:00:00,0
2011-09-02 02:00:00,0
2011-09-02 03:00:00,16
2011-09-03 11:00:00,0
2011-09-05 01:00:00,3
2011-09-05 10:00:00,0
2011-09-05 15:00:00,0
2011-09-05 16:00:00,14
2011-09-05 17:00:00,44
2011-09-05 18:00:00,6
2011-09-05 19:00:00,0
2011-09-05 20:00:00,4
2011-09-05 21:00:00,7
2011-09-05 22:00:00,2
2011-09-05 23:00:00,25
2011-09-06 00:00:00,31
2011-09-06 01:00:00,37
2011-09-06 02:00:00,12
2011-09-06 03:00:00,1
2011-09-06 04:00:00,1
2011-09-06 05:00:00,0
2011-09-06 06:00:00,0
2011-09-06 07:00:00,0
2011-09-06 08:00:00,0
2011-09-06 10:00:00,0
2011-09-06 11:00:00,0
2011-09-06 12:00:00,1
2011-09-06 13:00:00,18
2011-09-06 14:00:00,8
2011-09-06 15:00:00,1
2011-09-06 16:00:00,1
2011-09-06 17:00:00,0
2011-09-06 20:00:00,0
2011-09-06 21:00:00,3
2011-09-06 22:00:00,0
2011-09-06 23:00:00,0
2011-09-07 00:00:00,7
2011-09-07 02:00:00,0
2011-09-07 03:00:00,1
2011-09-07 04:00:00,0
2011-09-07 05:00:00,0
2011-09-07 06:00:00,6
2011-09-07 07:00:00,14
2011-09-07 08:00:00,0
2011-09-07 09:00:00,0
2011-09-07 10:00:00,62
2011-09-07 11:00:00,37
2011-09-07 12:00:00,20
2011-09-07 13:00:00,26
2011-09-07 14:00:00,6
2011-09-07 15:00:00,5
2011-09-07 16:00:00,0
2011-09-07 17:00:00,1
2011-09-07 18:00:00,6
2011-09-07 19:00:00,0
2011-09-07 20:00:00,7
2011-09-07 21:00:00,56
2011-09-07 22:00:00,9
2011-09-07 23:00:00,10
2011-09-08 00:00:00,16
2011-09-08 01:00:00,16
2011-09-08 02:00:00,10
2011-09-08 03:00:00,1
2011-09-08 04:00:00,0
2011-09-08 05:00:00,1
2011-09-08 06:00:00,0
2011-09-08 07:00:00,1
2011-09-08 08:00:00,8
2011-09-08 09:00:00,8
2011-09-08 10:00:00,0
2011-09-08 11:00:00,0
2011-09-08 15:00:00,0
2011-09-08 16:00:00,6
2011-09-08 17:00:00,12
2011-09-08 18:00:00,26
2011-09-08 19:00:00,19
2011-09-08 20:00:00,3
2011-09-08 21:00:00,0
2011-09-08 22:00:00,5
2011-09-08 23:00:00,15
2011-09-09 00:00:00,8
2011-09-09 01:00:00,1
2011-09-09 04:00:00,1
2011-09-09 05:00:00,0
2011-09-09 06:00:00,2
2011-09-09 07:00:00,1
2011-09-09 08:00:00,0
2011-09-09 09:00:00,16
2011-09-09 10:00:00,22
2011-09-09 11:00:00,2
2011-09-09 12:00:00,1
2011-09-11 23:00:00,1
2011-09-12 00:00:00,1
2011-09-15 16:00:00,0
2011-09-15 17:00:00,2
2011-09-15 18:00:00,1
2011-09-15 19:00:00,0
2011-09-17 14:00:00,0
2011-09-20 05:00:00,0
2011-09-20 07:00:00,0
2011-09-20 08:00:00,2
2011-09-20 09:00:00,7
2011-09-20 10:00:00,3
2011-09-20 11:00:00,2
2011-09-20 12:00:00,2
2011-09-20 13:00:00,0
2011-09-21 12:00:00,0
2011-09-21 18:00:00,0
2011-09-21 19:00:00,2
2011-09-21 20:00:00,0
2011-09-22 06:00:00,0
2011-09-22 07:00:00,0
2011-09-23 04:00:00,0
2011-09-23 05:00:00,0
2011-09-23 08:00:00,0
2011-09-23 09:00:00,2
2011-09-23 10:00:00,13
2011-09-23 11:00:00,29
2011-09-23 12:00:00,12
2011-09-23 13:00:00,6
2011-09-23 14:00:00,13
2011-09-23 15:00:00,7
2011-09-23 16:00:00,10
2011-09-23 17:00:00,4
2011-09-23 18:00:00,1
2011-09-25 02:00:00,0
2011-09-25 03:00:00,5
2011-09-25 04:00:00,2
2011-09-25 05:00:00,0
2011-09-27 05:00:00,0
2011-09-27 07:00:00,1
2011-09-27 10:00:00,0
2011-09-27 11:00:00,0
2011-09-27 12:00:00,0
2011-09-27 16:00:00,0
2011-09-27 18:00:00,0
2011-09-28 07:00:00,27
2011-09-28 08:00:00,4
2011-09-28 09:00:00,0
2011-09-28 10:00:00,0
2011-09-28 20:00:00,15
2011-09-28 21:00:00,1
2011-09-28 22:00:00,0
2011-10-01 01:00:00,0
2011-10-01 07:00:00,0
2011-10-01 08:00:00,1
2011-10-01 09:00:00,1
2011-10-01 10:00:00,1
2011-10-01 11:00:00,8
2011-10-01 12:00:00,4
2011-10-01 13:00:00,0
2011-10-01 14:00:00,0
2011-10-01 17:00:00,0
2011-10-01 18:00:00,5
2011-10-01 19:00:00,0
2011-10-01 20:00:00,0
2011-10-01 21:00:00,3
2011-10-01 23:00:00,1
2011-10-02 00:00:00,5
2011-10-02 01:00:00,4
2011-10-02 02:00:00,3
2011-10-02 03:00:00,6
2011-10-02 04:00:00,1
2011-10-02 13:00:00,0
2011-10-02 14:00:00,0
2011-10-02 15:00:00,3
2011-10-02 16:00:00,1
2011-10-02 17:00:00,0
2011-10-02 18:00:00,0
2011-10-02 22:00:00,0
2011-10-02 23:00:00,0
2011-10-03 02:00:00,0
2011-10-03 03:00:00,0
2011-10-03 13:00:00,0
2011-10-03 14:00:00,0
2011-10-03 15:00:00,0
2011-10-03 16:00:00,0
2011-10-03 20:00:00,0
2011-10-03 21:00:00,0
2011-10-03 23:00:00,0
2011-10-04 02:00:00,0
2011-10-11 14:00:00,0
2011-10-11 15:00:00,0
2011-10-12 01:00:00,0
2011-10-12 02:00:00,0
2011-10-12 03:00:00,1
2011-10-12 04:00:00,0
2011-10-12 05:00:00,0
2011-10-12 12:00:00,5
2011-10-12 13:00:00,0
2011-10-12 14:00:00,0
2011-10-12 15:00:00,22
2011-10-12 16:00:00,5
2011-10-12 17:00:00,1
2011-10-12 18:00:00,5
2011-10-12 19:00:00,2
2011-10-12 20:00:00,2
2011-10-12 21:00:00,1
2011-10-12 22:00:00,0
2011-10-12 23:00:00,0
2011-10-13 00:00:00,0
2011-10-13 02:00:00,0
2011-10-13 03:00:00,0
2011-10-13 04:00:00,0
2011-10-13 05:00:00,0
2011-10-13 06:00:00,1
2011-10-13 07:00:00,18
2011-10-13 08:00:00,0
2011-10-13 09:00:00,2
2011-10-13 10:00:00,1
2011-10-13 11:00:00,0
2011-10-13 12:00:00,0
2011-10-13 17:00:00,0
2011-10-13 18:00:00,10
2011-10-13 22:00:00,30
2011-10-13 23:00:00,10
2011-10-14 07:00:00,1
2011-10-14 08:00:00,5
2011-10-14 09:00:00,4
2011-10-14 11:00:00,12
2011-10-14 12:00:00,2
2011-10-14 13:00:00,1
2011-10-14 16:00:00,0
2011-10-14 17:00:00,0
2011-10-19 02:00:00,2
2011-10-19 03:00:00,8
2011-10-19 04:00:00,12
2011-10-19 05:00:00,9
2011-10-19 06:00:00,0
2011-10-19 07:00:00,8
2011-10-19 08:00:00,1
2011-10-19 09:00:00,0
2011-10-19 10:00:00,0
2011-10-19 11:00:00,0
2011-10-19 12:00:00,0
2011-10-19 13:00:00,0
2011-10-19 14:00:00,1
2011-10-19 15:00:00,0
2011-10-19 16:00:00,0
2011-10-19 17:00:00,4
2011-10-19 18:00:00,4
2011-10-19 19:00:00,0
2011-10-19 20:00:00,0
2011-10-19 21:00:00,1
2011-10-19 22:00:00,0
2011-10-19 23:00:00,0
2011-10-20 15:00:00,0
2011-10-20 16:00:00,0
2011-10-24 19:00:00,2
2011-10-24 20:00:00,11
2011-10-26 13:00:00,0
2011-10-26 14:00:00,0
2011-10-26 15:00:00,1
2011-10-26 16:00:00,0
2011-10-27 00:00:00,0
2011-10-27 02:00:00,0
2011-10-27 03:00:00,0
2011-10-27 04:00:00,0
2011-10-27 05:00:00,1
2011-10-27 06:00:00,2
2011-10-27 07:00:00,0
2011-10-27 08:00:00,0
2011-10-27 09:00:00,1
2011-10-27 10:00:00,0
2011-10-27 11:00:00,6
2011-10-27 12:00:00,2
2011-10-27 13:00:00,1
2011-10-27 14:00:00,0
2011-10-27 17:00:00,0
2011-10-27 18:00:00,0
2011-10-27 19:00:00,0
2011-10-28 20:00:00,0
2011-10-28 21:00:00,0
2011-10-28 22:00:00,1
2011-10-28 23:00:00,3
2011-10-29 00:00:00,4
2011-10-29 01:00:00,5
2011-10-29 02:00:00,4
2011-10-29 03:00:00,2
2011-10-29 04:00:00,8
2011-10-29 05:00:00,7
2011-10-29 06:00:00,8
2011-10-29 07:00:00,7
2011-10-29 08:00:00,7
2011-10-29 09:00:00,20
2011-10-29 10:00:00,16
2011-10-29 11:00:00,2
2011-10-29 12:00:00,6
2011-10-29 13:00:00,8
2011-10-29 14:00:00,2
2011-10-29 15:00:00,6
2011-10-29 16:00:00,7
2011-10-29 17:00:00,2
2011-10-29 18:00:00,1
2011-10-29 19:00:00,0
2011-10-29 20:00:00,0
2011-10-31 22:00:00,0
2011-10-31 23:00:00,0
2011-11-01 01:00:00,0
2011-11-10 14:00:00,1
2011-11-10 15:00:00,0
2011-11-10 16:00:00,2
2011-11-10 17:00:00,2
2011-11-10 18:00:00,1
2011-11-15 14:00:00,0
2011-11-15 18:00:00,0
2011-11-15 19:00:00,0
2011-11-15 23:00:00,0
2011-11-16 01:00:00,1
2011-11-16 02:00:00,3
2011-11-16 03:00:00,0
2011-11-16 04:00:00,0
2011-11-16 05:00:00,1
2011-11-16 06:00:00,1
2011-11-16 07:00:00,3
2011-11-16 08:00:00,3
2011-11-16 09:00:00,5
2011-11-16 10:00:00,9
2011-11-16 11:00:00,9
2011-11-16 12:00:00,2
2011-11-16 13:00:00,1
2011-11-16 14:00:00,2
2011-11-16 15:00:00,0
2011-11-16 16:00:00,0
2011-11-16 17:00:00,0
2011-11-16 18:00:00,0
2011-11-16 19:00:00,3
2011-11-16 20:00:00,5
2011-11-16 21:00:00,1
2011-11-16 22:00:00,3
2011-11-16 23:00:00,2
2011-11-17 00:00:00,0
2011-11-17 06:00:00,1
2011-11-17 07:00:00,0
2011-11-17 08:00:00,0
2011-11-17 09:00:00,0
2011-11-17 10:00:00,0
2011-11-17 11:00:00,0
2011-11-17 12:00:00,0
2011-11-20 18:00:00,0
2011-11-20 19:00:00,0
2011-11-20 23:00:00,1
2011-11-21 00:00:00,1
2011-11-21 01:00:00,0
2011-11-21 02:00:00,0
2011-11-21 03:00:00,3
2011-11-21 04:00:00,0
2011-11-21 16:00:00,0
2011-11-21 17:00:00,1
2011-11-21 18:00:00,0
2011-11-21 19:00:00,1
2011-11-21 20:00:00,0
2011-11-21 21:00:00,2
2011-11-21 22:00:00,0
2011-11-21 23:00:00,0
2011-11-22 00:00:00,0
2011-11-22 01:00:00,0
2011-11-22 02:00:00,1
2011-11-22 03:00:00,3
2011-11-22 04:00:00,1
2011-11-22 05:00:00,4
2011-11-22 06:00:00,0
2011-11-22 07:00:00,0
2011-11-22 08:00:00,2
2011-11-22 09:00:00,0
2011-11-22 10:00:00,0
2011-11-22 11:00:00,1
2011-11-22 12:00:00,4
2011-11-22 13:00:00,11
2011-11-22 14:00:00,6
2011-11-22 15:00:00,2
2011-11-22 16:00:00,7
2011-11-22 17:00:00,10
2011-11-22 18:00:00,2
2011-11-22 19:00:00,0
2011-11-22 20:00:00,1
2011-11-23 02:00:00,0
2011-11-23 03:00:00,15
2011-11-23 04:00:00,11
2011-11-23 05:00:00,1
2011-11-23 10:00:00,0
2011-11-23 11:00:00,1
2011-11-23 17:00:00,0
2011-11-23 18:00:00,0
2011-11-29 03:00:00,0
2011-11-29 04:00:00,1
2011-11-29 10:00:00,0
2011-11-29 11:00:00,12
2011-11-29 12:00:00,10
2011-11-29 13:00:00,9
2011-11-29 14:00:00,8
2011-11-29 15:00:00,1
2011-11-29 16:00:00,0
2011-11-29 17:00:00,0
2011-12-01 01:00:00,0
2011-12-06 03:00:00,0
2011-12-06 04:00:00,0
2011-12-06 05:00:00,1
2011-12-06 06:00:00,0
2011-12-06 09:00:00,0
2011-12-06 10:00:00,0
2011-12-06 11:00:00,2
2011-12-06 12:00:00,6
2011-12-06 13:00:00,1
2011-12-06 14:00:00,1
2011-12-06 15:00:00,1
2011-12-06 16:00:00,7
2011-12-06 17:00:00,2
2011-12-06 18:00:00,0
2011-12-06 19:00:00,0
2011-12-06 20:00:00,0
2011-12-06 21:00:00,2
2011-12-06 22:00:00,1
2011-12-06 23:00:00,0
2011-12-07 00:00:00,0
2011-12-07 02:00:00,0
2011-12-07 03:00:00,7
2011-12-07 04:00:00,2
2011-12-07 05:00:00,8
2011-12-07 06:00:00,55
2011-12-07 07:00:00,24
2011-12-07 08:00:00,21
2011-12-07 09:00:00,21
2011-12-07 10:00:00,7
2011-12-07 11:00:00,3
2011-12-07 12:00:00,1
2011-12-07 13:00:00,9
2011-12-07 14:00:00,14
2011-12-07 15:00:00,15
2011-12-07 16:00:00,6
2011-12-07 17:00:00,22
2011-12-07 18:00:00,21
2011-12-07 19:00:00,15
2011-12-07 20:00:00,21
2011-12-07 21:00:00,21
2011-12-07 22:00:00,11
2011-12-07 23:00:00,5
2011-12-08 00:00:00,1
2011-12-14 16:00:00,0
2011-12-15 16:00:00,1
2011-12-15 17:00:00,0
2011-12-17 19:00:00,0
2011-12-17 20:00:00,0
2011-12-21 08:00:00,0
2011-12-21 09:00:00,0
2011-12-21 10:00:00,0
2011-12-21 11:00:00,0
2011-12-21 12:00:00,2
2011-12-21 13:00:00,2
2011-12-21 14:00:00,2
2011-12-21 15:00:00,2
2011-12-21 16:00:00,1
2011-12-21 17:00:00,3
2011-12-21 18:00:00,0
2011-12-22 20:00:00,4
2011-12-22 21:00:00,12
2011-12-22 22:00:00,30
2011-12-22 23:00:00,2
2011-12-23 00:00:00,5
2011-12-23 01:00:00,9
2011-12-23 02:00:00,0
2011-12-23 03:00:00,3
2011-12-23 04:00:00,17
2011-12-24 06:00:00,0
2011-12-27 10:00:00,0
2011-12-27 11:00:00,0
2011-12-27 12:00:00,5
2011-12-27 13:00:00,8
2011-12-27 14:00:00,9
2011-12-27 15:00:00,12
2011-12-27 16:00:00,16
2011-12-27 17:00:00,11
2011-12-31 07:00:00,0
2012-01-01 01:00:00,0
2012-01-01 15:00:00,0
2012-01-01 17:00:00,0
2012-01-01 18:00:00,0
2012-01-01 19:00:00,0
2012-01-03 14:00:00,0
2012-01-09 14:00:00,1
2012-01-09 15:00:00,0
2012-01-09 16:00:00,3
2012-01-09 17:00:00,8
2012-01-09 18:00:00,3
2012-01-09 19:00:00,1
2012-01-11 12:00:00,0
2012-01-11 13:00:00,3
2012-01-11 14:00:00,1
2012-01-11 15:00:00,0
2012-01-11 16:00:00,0
2012-01-11 17:00:00,1
2012-01-11 18:00:00,6
2012-01-11 19:00:00,10
2012-01-11 20:00:00,0
2012-01-11 21:00:00,8
2012-01-11 22:00:00,6
2012-01-11 23:00:00,2
2012-01-12 00:00:00,14
2012-01-12 01:00:00,8
2012-01-12 02:00:00,1
2012-01-12 03:00:00,1
2012-01-12 04:00:00,12
2012-01-12 05:00:00,2
2012-01-13 00:00:00,0
2012-01-13 01:00:00,1
2012-01-13 03:00:00,1
2012-01-13 04:00:00,3
2012-01-13 05:00:00,0
2012-01-16 21:00:00,0
2012-01-16 22:00:00,3
2012-01-16 23:00:00,0
2012-01-17 01:00:00,2
2012-01-17 02:00:00,3
2012-01-17 04:00:00,0
2012-01-17 05:00:00,2
2012-01-17 06:00:00,1
2012-01-17 07:00:00,0
2012-01-17 08:00:00,3
2012-01-17 09:00:00,11
2012-01-17 10:00:00,4
2012-01-17 13:00:00,0
2012-01-17 14:00:00,0
2012-01-20 22:00:00,0
2012-01-20 23:00:00,0
2012-01-21 00:00:00,5
2012-01-21 01:00:00,5
2012-01-21 02:00:00,8
2012-01-21 03:00:00,2
2012-01-21 04:00:00,4
2012-01-21 05:00:00,1
2012-01-21 06:00:00,2
2012-01-21 07:00:00,0
2012-01-21 08:00:00,1
2012-01-21 10:00:00,0
2012-01-21 11:00:00,0
2012-01-21 13:00:00,0
2012-01-21 14:00:00,0
2012-01-21 15:00:00,0
2012-01-22 04:00:00,0
2012-01-22 05:00:00,0
2012-01-22 06:00:00,0
2012-01-22 11:00:00,0
2012-01-22 18:00:00,0
2012-01-22 19:00:00,0
2012-01-22 20:00:00,0
2012-01-22 21:00:00,0
2012-01-22 22:00:00,0
2012-01-23 01:00:00,0
2012-01-23 07:00:00,0
2012-01-23 08:00:00,0
2012-01-23 12:00:00,0
2012-01-23 13:00:00,1
2012-01-23 14:00:00,2
2012-01-23 15:00:00,0
2012-01-23 16:00:00,0
2012-01-26 02:00:00,0
2012-01-26 05:00:00,0
2012-01-26 06:00:00,0
2012-01-27 05:00:00,0
2012-01-27 06:00:00,1
2012-01-27 08:00:00,25
2012-01-27 09:00:00,3
2012-01-27 10:00:00,34
2012-01-27 13:00:00,0
2012-02-01 01:00:00,0
2012-02-01 05:00:00,0
2012-02-01 06:00:00,1
2012-02-01 07:00:00,1
2012-02-01 08:00:00,0
2012-02-02 02:00:00,0
2012-02-02 03:00:00,0
2012-02-02 04:00:00,4
2012-02-02 05:00:00,2
2012-02-02 06:00:00,1
2012-02-02 07:00:00,0
2012-02-02 08:00:00,0
2012-02-02 09:00:00,1
2012-02-02 10:00:00,0
2012-02-02 11:00:00,1
2012-02-02 13:00:00,0
2012-02-04 16:00:00,0
2012-02-04 17:00:00,2
2012-02-04 18:00:00,3
2012-02-04 19:00:00,2
2012-02-04 20:00:00,1
2012-02-04 21:00:00,0
2012-02-05 00:00:00,0
2012-02-05 01:00:00,0
2012-02-05 02:00:00,0
2012-02-05 03:00:00,0
2012-02-05 04:00:00,0
2012-02-05 06:00:00,0
2012-02-08 14:00:00,0
2012-02-08 15:00:00,0
2012-02-08 16:00:00,5
2012-02-08 17:00:00,3
2012-02-08 18:00:00,2
2012-02-08 19:00:00,1
2012-02-08 20:00:00,0
2012-02-08 21:00:00,0
2012-02-10 17:00:00,0
2012-02-11 00:00:00,0
2012-02-11 01:00:00,0
2012-02-11 02:00:00,1
2012-02-11 03:00:00,2
2012-02-11 04:00:00,3
2012-02-11 05:00:00,3
2012-02-11 06:00:00,1
2012-02-11 07:00:00,0
2012-02-11 08:00:00,0
2012-02-11 09:00:00,0
2012-02-11 10:00:00,0
2012-02-11 11:00:00,0
2012-02-11 12:00:00,0
2012-02-11 13:00:00,0
2012-02-11 16:00:00,0
2012-02-11 17:00:00,0
2012-02-11 22:00:00,0
2012-02-11 23:00:00,0
2012-02-12 00:00:00,0
2012-02-12 01:00:00,1
2012-02-12 02:00:00,0
2012-02-16 04:00:00,0
2012-02-16 10:00:00,0
2012-02-16 11:00:00,0
2012-02-16 12:00:00,0
2012-02-16 13:00:00,3
2012-02-16 14:00:00,1
2012-02-16 15:00:00,1
2012-02-16 16:00:00,4
2012-02-16 17:00:00,0
2012-02-16 18:00:00,0
2012-02-19 21:00:00,2
2012-02-19 22:00:00,6
2012-02-19 23:00:00,0
2012-02-23 02:00:00,0
2012-02-23 03:00:00,0
2012-02-24 01:00:00,3
2012-02-24 02:00:00,0
2012-02-24 08:00:00,0
2012-02-24 09:00:00,0
2012-02-24 10:00:00,0
2012-02-24 14:00:00,0
2012-02-24 15:00:00,22
2012-02-24 16:00:00,6
2012-02-24 17:00:00,0
2012-02-24 18:00:00,0
2012-02-25 09:00:00,0
2012-02-29 08:00:00,0
2012-02-29 09:00:00,12
2012-02-29 10:00:00,25
2012-02-29 11:00:00,34
2012-02-29 12:00:00,40
2012-02-29 13:00:00,0
2012-02-29 15:00:00,1
2012-02-29 16:00:00,0
2012-02-29 17:00:00,0
2012-02-29 18:00:00,0
2012-02-29 19:00:00,5
2012-02-29 20:00:00,7
2012-02-29 21:00:00,5
2012-02-29 22:00:00,13
2012-02-29 23:00:00,1
2012-03-01 00:00:00,1
2012-03-01 01:00:00,5
2012-03-02 15:00:00,0
2012-03-02 16:00:00,4
2012-03-02 17:00:00,12
2012-03-02 18:00:00,4
2012-03-02 19:00:00,1
2012-03-02 21:00:00,0
2012-03-02 23:00:00,2
2012-03-03 00:00:00,11
2012-03-03 01:00:00,2
2012-03-03 02:00:00,3
2012-03-03 06:00:00,0
2012-03-03 07:00:00,1
2012-03-03 08:00:00,2
2012-03-03 09:00:00,8
2012-03-05 16:00:00,0
2012-03-05 17:00:00,0
2012-03-05 18:00:00,0
2012-03-09 00:00:00,0
2012-03-09 01:00:00,0
2012-03-09 02:00:00,0
2012-03-09 04:00:00,1
2012-03-09 05:00:00,0
2012-03-13 01:00:00,0
2012-03-13 02:00:00,1
2012-03-13 03:00:00,0
2012-03-13 05:00:00,0
2012-03-13 06:00:00,0
2012-03-13 17:00:00,0
2012-03-15 19:00:00,0
2012-03-16 14:00:00,0
2012-03-16 15:00:00,0
2012-03-16 16:00:00,0
2012-03-16 17:00:00,2
2012-03-16 18:00:00,0
2012-03-18 06:00:00,0
2012-03-18 07:00:00,0
2012-03-19 20:00:00,0
2012-03-19 21:00:00,1
2012-03-20 02:00:00,0
2012-03-20 05:00:00,0
2012-03-20 07:00:00,11
2012-03-21 06:00:00,0
2012-03-21 07:00:00,0
2012-03-21 08:00:00,0
2012-03-21 10:00:00,0
2012-03-22 05:00:00,0
2012-03-22 06:00:00,0
2012-03-22 07:00:00,0
2012-03-22 08:00:00,0
2012-03-24 05:00:00,0
2012-03-24 11:00:00,0
2012-03-24 12:00:00,8
2012-03-24 13:00:00,0
2012-03-24 14:00:00,0
2012-03-24 15:00:00,1
2012-03-24 16:00:00,0
2012-03-24 17:00:00,0
2012-03-24 18:00:00,1
2012-03-24 19:00:00,0
2012-03-24 20:00:00,0
2012-03-24 21:00:00,0
2012-03-24 22:00:00,0
2012-03-25 01:00:00,0
2012-03-25 02:00:00,20
2012-03-25 03:00:00,0
2012-03-25 23:00:00,0
2012-03-28 15:00:00,0
2012-03-28 16:00:00,1
2012-03-28 17:00:00,0
2012-03-30 12:00:00,0
2012-03-30 13:00:00,0
2012-03-30 14:00:00,0
2012-03-30 15:00:00,0
2012-03-30 16:00:00,0
2012-04-01 01:00:00,0
2012-04-01 21:00:00,0
2012-04-01 22:00:00,0
2012-04-01 23:00:00,3
2012-04-02 00:00:00,4
2012-04-02 01:00:00,6
2012-04-02 02:00:00,2
2012-04-09 20:00:00,0
2012-04-09 21:00:00,0
2012-04-11 13:00:00,0
2012-04-11 14:00:00,0
2012-04-11 15:00:00,1
2012-04-11 17:00:00,0
2012-04-11 18:00:00,0
2012-04-17 11:00:00,0
2012-04-18 08:00:00,0
2012-04-18 09:00:00,0
2012-04-18 10:00:00,0
2012-04-18 11:00:00,0
2012-04-18 12:00:00,0
2012-04-18 13:00:00,1
2012-04-18 14:00:00,3
2012-04-18 15:00:00,1
2012-04-18 23:00:00,0
2012-04-19 00:00:00,0
2012-04-19 01:00:00,0
2012-04-21 19:00:00,9
2012-04-21 20:00:00,7
2012-04-21 21:00:00,0
2012-04-21 23:00:00,0
2012-04-22 06:00:00,0
2012-04-22 07:00:00,2
2012-04-22 08:00:00,0
2012-04-22 09:00:00,0
2012-04-22 10:00:00,5
2012-04-22 11:00:00,4
2012-04-22 12:00:00,7
2012-04-22 13:00:00,14
2012-04-22 14:00:00,12
2012-04-22 15:00:00,10
2012-04-22 16:00:00,13
2012-04-22 17:00:00,13
2012-04-22 18:00:00,13
2012-04-22 19:00:00,9
2012-04-22 20:00:00,10
2012-04-22 21:00:00,12
2012-04-22 22:00:00,3
2012-04-22 23:00:00,0
2012-04-23 00:00:00,0
2012-04-23 01:00:00,1
2012-04-23 04:00:00,0
2012-04-23 05:00:00,2
2012-04-23 06:00:00,0
2012-04-23 07:00:00,0
2012-04-23 10:00:00,0
2012-04-23 11:00:00,0
2012-04-23 12:00:00,0
2012-04-23 13:00:00,0
2012-04-23 14:00:00,0
2012-04-23 15:00:00,0
2012-04-23 16:00:00,5
2012-04-23 17:00:00,2
2012-04-23 18:00:00,0
2012-04-23 20:00:00,0
2012-04-26 06:00:00,0
2012-04-26 07:00:00,1
2012-04-26 08:00:00,2
2012-04-26 09:00:00,0
2012-04-28 17:00:00,1
2012-04-28 18:00:00,4
2012-04-28 19:00:00,0
2012-04-28 20:00:00,1
2012-04-28 21:00:00,0
2012-04-28 22:00:00,0
2012-04-28 23:00:00,4
2012-04-29 00:00:00,2
2012-04-29 01:00:00,2
2012-04-29 02:00:00,0
2012-04-29 03:00:00,1
2012-05-01 01:00:00,0
2012-05-01 05:00:00,1
2012-05-01 06:00:00,12
2012-05-01 07:00:00,2
2012-05-02 05:00:00,2
2012-05-02 06:00:00,0
2012-05-02 07:00:00,0
2012-05-03 07:00:00,0
2012-05-03 08:00:00,0
2012-05-04 11:00:00,0
2012-05-04 12:00:00,12
2012-05-04 17:00:00,0
2012-05-05 14:00:00,0
2012-05-05 15:00:00,0
2012-05-06 04:00:00,0
2012-05-06 05:00:00,0
2012-05-06 06:00:00,0
2012-05-06 07:00:00,0
2012-05-06 08:00:00,0
2012-05-08 13:00:00,0
2012-05-08 14:00:00,2
2012-05-08 15:00:00,0
2012-05-08 21:00:00,0
2012-05-08 22:00:00,1
2012-05-08 23:00:00,0
2012-05-09 01:00:00,7
2012-05-09 02:00:00,10
2012-05-09 03:00:00,0
2012-05-09 04:00:00,0
2012-05-09 18:00:00,5
2012-05-09 19:00:00,12
2012-05-09 20:00:00,8
2012-05-09 21:00:00,12
2012-05-09 22:00:00,3
2012-05-09 23:00:00,1
2012-05-10 00:00:00,0
2012-05-14 03:00:00,0
2012-05-14 05:00:00,0
2012-05-14 06:00:00,4
2012-05-14 07:00:00,8
2012-05-14 08:00:00,4
2012-05-14 09:00:00,2
2012-05-14 10:00:00,1
2012-05-14 11:00:00,0
2012-05-14 14:00:00,0
2012-05-14 15:00:00,0
2012-05-14 16:00:00,4
2012-05-14 17:00:00,1
2012-05-14 18:00:00,0
2012-05-14 19:00:00,0
2012-05-14 20:00:00,0
2012-05-14 21:00:00,0
2012-05-15 01:00:00,0
2012-05-15 02:00:00,0
2012-05-15 03:00:00,5
2012-05-15 04:00:00,8
2012-05-15 05:00:00,60
2012-05-15 06:00:00,21
2012-05-15 07:00:00,5
2012-05-15 08:00:00,0
2012-05-15 13:00:00,9
2012-05-15 14:00:00,0
2012-05-15 19:00:00,9
2012-05-15 20:00:00,0
2012-05-15 21:00:00,4
2012-05-15 22:00:00,1
2012-05-15 23:00:00,0
2012-05-20 22:00:00,0
2012-05-20 23:00:00,0
2012-05-21 00:00:00,1
2012-05-21 01:00:00,0
2012-05-21 02:00:00,0
2012-05-21 03:00:00,0
2012-05-21 04:00:00,0
2012-05-21 05:00:00,1
2012-05-21 06:00:00,0
2012-05-21 07:00:00,1
2012-05-21 08:00:00,0
2012-05-21 09:00:00,0
2012-05-21 10:00:00,0
2012-05-21 11:00:00,0
2012-05-21 12:00:00,0
2012-05-21 13:00:00,1
2012-05-21 17:00:00,0
2012-05-22 03:00:00,0
2012-05-22 04:00:00,1
2012-05-22 05:00:00,0
2012-05-22 06:00:00,0
2012-05-22 07:00:00,0
2012-05-22 18:00:00,0
2012-05-23 03:00:00,0
2012-05-23 04:00:00,2
2012-05-23 05:00:00,0
2012-05-23 17:00:00,29
2012-05-23 18:00:00,0
2012-05-24 20:00:00,0
2012-05-24 21:00:00,0
2012-05-25 07:00:00,0
2012-05-27 21:00:00,3
2012-05-27 22:00:00,2
2012-05-27 23:00:00,0
2012-05-29 20:00:00,24
2012-05-29 21:00:00,23
2012-05-29 22:00:00,4
2012-05-29 23:00:00,0
2012-05-30 00:00:00,0
2012-05-30 01:00:00,0
2012-05-30 02:00:00,0
2012-05-30 06:00:00,0
2012-06-01 01:00:00,0
2012-06-01 06:00:00,0
2012-06-01 14:00:00,0
2012-06-01 16:00:00,15
2012-06-01 17:00:00,7
2012-06-01 18:00:00,2
2012-06-01 19:00:00,57
2012-06-01 20:00:00,6
2012-06-01 21:00:00,0
2012-06-01 22:00:00,35
2012-06-01 23:00:00,0
2012-06-04 00:00:00,0
2012-06-05 01:00:00,0
2012-06-05 02:00:00,0
2012-06-05 03:00:00,0
2012-06-05 04:00:00,0
2012-06-06 17:00:00,0
2012-06-06 18:00:00,3
2012-06-12 03:00:00,6
2012-06-12 04:00:00,3
2012-06-12 05:00:00,0
2012-06-12 06:00:00,1
2012-06-12 07:00:00,1
2012-06-12 10:00:00,0
2012-06-12 11:00:00,1
2012-06-12 12:00:00,1
2012-06-12 13:00:00,3
2012-06-12 14:00:00,1
2012-06-12 15:00:00,0
2012-06-12 23:00:00,9
2012-06-18 05:00:00,5
2012-06-18 06:00:00,7
2012-06-18 07:00:00,0
2012-06-18 09:00:00,0
2012-06-18 10:00:00,16
2012-06-18 11:00:00,0
2012-06-18 12:00:00,0
2012-06-18 15:00:00,0
2012-06-18 22:00:00,0
2012-06-18 23:00:00,0
2012-06-22 20:00:00,0
2012-06-22 21:00:00,0
2012-06-25 13:00:00,0
2012-06-29 22:00:00,25
2012-06-29 23:00:00,34
2012-06-30 00:00:00,0
2012-06-30 01:00:00,0
2012-07-01 01:00:00,0
2012-07-03 21:00:00,2
2012-07-03 22:00:00,0
2012-07-04 08:00:00,0
2012-07-08 16:00:00,0
2012-07-08 17:00:00,0
2012-07-08 23:00:00,10
2012-07-09 00:00:00,59
2012-07-09 01:00:00,0
2012-07-09 02:00:00,3
2012-07-09 03:00:00,3
2012-07-09 04:00:00,15
2012-07-09 05:00:00,0
2012-07-09 06:00:00,3
2012-07-09 07:00:00,2
2012-07-09 08:00:00,0
2012-07-10 18:00:00,0
2012-07-10 19:00:00,0
2012-07-10 20:00:00,56
2012-07-10 21:00:00,4
2012-07-10 22:00:00,0
2012-07-13 04:00:00,0
2012-07-13 06:00:00,0
2012-07-14 04:00:00,0
2012-07-14 05:00:00,4
2012-07-14 17:00:00,1
2012-07-14 18:00:00,3
2012-07-15 18:00:00,2
2012-07-15 19:00:00,0
2012-07-16 00:00:00,0
2012-07-16 01:00:00,1
2012-07-16 17:00:00,1
2012-07-19 21:00:00,0
2012-07-19 22:00:00,29
2012-07-19 23:00:00,6
2012-07-20 00:00:00,7
2012-07-20 01:00:00,0
2012-07-20 11:00:00,0
2012-07-20 12:00:00,0
2012-07-20 13:00:00,10
2012-07-20 14:00:00,0
2012-07-20 15:00:00,0
2012-07-20 20:00:00,1
2012-07-20 21:00:00,7
2012-07-20 22:00:00,1
2012-07-21 00:00:00,0
2012-07-21 01:00:00,0
2012-07-21 02:00:00,0
2012-07-21 03:00:00,0
2012-07-21 04:00:00,0
2012-07-21 05:00:00,0
2012-07-21 06:00:00,1
2012-07-21 07:00:00,0
2012-07-21 09:00:00,0
2012-07-21 10:00:00,7
2012-07-21 11:00:00,0
2012-07-21 12:00:00,0
2012-07-21 13:00:00,0
2012-07-21 14:00:00,0
2012-07-21 15:00:00,0
2012-07-21 16:00:00,1
2012-07-21 17:00:00,7
2012-07-21 18:00:00,4
2012-07-21 20:00:00,0
2012-07-21 21:00:00,1
2012-07-21 22:00:00,0
2012-07-23 14:00:00,0
2012-07-24 12:00:00,0
2012-07-26 23:00:00,0
2012-07-28 19:00:00,3
2012-07-28 20:00:00,24
2012-07-31 15:00:00,3
2012-07-31 16:00:00,0
2012-07-31 18:00:00,0
2012-07-31 19:00:00,0
2012-07-31 20:00:00,0
2012-08-01 01:00:00,0
2012-08-01 04:00:00,0
2012-08-05 18:00:00,2
2012-08-05 19:00:00,1
2012-08-05 22:00:00,0
2012-08-06 03:00:00,0
2012-08-06 04:00:00,0
2012-08-06 06:00:00,0
2012-08-06 07:00:00,0
2012-08-06 08:00:00,0
2012-08-06 09:00:00,2
2012-08-06 10:00:00,0
2012-08-07 16:00:00,0
2012-08-07 17:00:00,0
2012-08-08 12:00:00,0
2012-08-10 05:00:00,0
2012-08-10 06:00:00,24
2012-08-10 07:00:00,2
2012-08-10 08:00:00,32
2012-08-10 09:00:00,1
2012-08-10 12:00:00,0
2012-08-10 22:00:00,0
2012-08-10 23:00:00,0
2012-08-11 03:00:00,5
2012-08-11 04:00:00,2
2012-08-11 07:00:00,0
2012-08-11 18:00:00,0
2012-08-11 19:00:00,0
2012-08-11 20:00:00,1
2012-08-11 21:00:00,2
2012-08-11 23:00:00,0
2012-08-12 00:00:00,0
2012-08-13 20:00:00,0
2012-08-14 06:00:00,4
2012-08-14 07:00:00,16
2012-08-14 17:00:00,0
2012-08-14 18:00:00,0
2012-08-14 22:00:00,0
2012-08-17 21:00:00,0
2012-08-17 22:00:00,0
2012-08-17 23:00:00,1
2012-08-18 00:00:00,0
2012-08-18 01:00:00,3
2012-08-18 02:00:00,13
2012-08-19 12:00:00,26
2012-08-19 13:00:00,2
2012-08-19 14:00:00,2
2012-08-19 15:00:00,0
2012-08-19 20:00:00,0
2012-08-19 21:00:00,5
2012-08-19 22:00:00,1
2012-08-20 19:00:00,0
2012-08-21 19:00:00,56
2012-08-21 20:00:00,3
2012-08-22 17:00:00,0
2012-08-22 18:00:00,35
2012-08-22 19:00:00,0
2012-08-25 05:00:00,0
2012-08-25 13:00:00,0
2012-08-25 14:00:00,1
2012-08-25 15:00:00,4
2012-08-25 16:00:00,0
2012-08-25 19:00:00,0
2012-08-25 20:00:00,1
2012-08-25 21:00:00,0
2012-08-26 05:00:00,0
2012-08-26 13:00:00,0
2012-08-26 14:00:00,2
2012-08-26 15:00:00,0
2012-08-26 16:00:00,24
2012-08-26 17:00:00,0
2012-08-26 18:00:00,0
2012-08-26 20:00:00,2
2012-08-26 21:00:00,0
2012-08-28 06:00:00,0
2012-08-28 07:00:00,3
2012-09-01 01:00:00,0
2012-09-01 21:00:00,121
2012-09-01 22:00:00,43
2012-09-02 13:00:00,0
2012-09-02 14:00:00,0
2012-09-02 15:00:00,0
2012-09-02 16:00:00,0
2012-09-02 22:00:00,0
2012-09-02 23:00:00,5
2012-09-03 00:00:00,0
2012-09-03 07:00:00,0
2012-09-04 01:00:00,0
2012-09-04 02:00:00,0
2012-09-05 12:00:00,1
2012-09-05 13:00:00,1
2012-09-06 08:00:00,0
2012-09-06 09:00:00,9
2012-09-06 10:00:00,11
2012-09-06 11:00:00,4
2012-09-06 12:00:00,0
2012-09-08 15:00:00,0
2012-09-08 16:00:00,44
2012-09-08 17:00:00,3
2012-09-08 18:00:00,2
2012-09-08 19:00:00,0
2012-09-08 20:00:00,0
2012-09-17 21:00:00,0
2012-09-17 22:00:00,0
2012-09-17 23:00:00,1
2012-09-18 00:00:00,13
2012-09-18 01:00:00,5
2012-09-18 02:00:00,0
2012-09-18 03:00:00,0
2012-09-18 05:00:00,0
2012-09-18 07:00:00,0
2012-09-18 09:00:00,0
2012-09-18 11:00:00,1
2012-09-18 12:00:00,1
2012-09-18 13:00:00,1
2012-09-18 15:00:00,76
2012-09-18 16:00:00,5
2012-09-18 17:00:00,1
2012-09-18 18:00:00,3
2012-09-18 19:00:00,0
2012-09-18 23:00:00,0
2012-09-19 00:00:00,0
2012-09-26 23:00:00,5
2012-09-27 21:00:00,0
2012-09-27 22:00:00,22
2012-09-27 23:00:00,9
2012-09-28 00:00:00,18
2012-09-28 01:00:00,12
2012-09-28 02:00:00,3
2012-09-28 03:00:00,5
2012-09-28 04:00:00,3
2012-09-28 05:00:00,1
2012-09-28 16:00:00,0
2012-09-28 17:00:00,0
2012-09-28 18:00:00,0
2012-09-28 19:00:00,0
2012-09-28 20:00:00,0
2012-09-28 21:00:00,0
2012-09-29 00:00:00,0
2012-09-30 20:00:00,0
2012-10-01 01:00:00,0
2012-10-01 17:00:00,0
2012-10-01 18:00:00,0
2012-10-01 19:00:00,0
2012-10-01 20:00:00,0
2012-10-01 21:00:00,0
2012-10-01 22:00:00,0
2012-10-01 23:00:00,0
2012-10-02 01:00:00,0
2012-10-02 02:00:00,0
2012-10-02 03:00:00,0
2012-10-02 07:00:00,9
2012-10-02 08:00:00,13
2012-10-02 09:00:00,10
2012-10-02 10:00:00,10
2012-10-02 11:00:00,1
2012-10-02 12:00:00,0
2012-10-02 13:00:00,0
2012-10-02 14:00:00,0
2012-10-02 15:00:00,0
2012-10-02 16:00:00,0
2012-10-02 17:00:00,0
2012-10-02 18:00:00,0
2012-10-02 19:00:00,0
2012-10-02 20:00:00,0
2012-10-02 21:00:00,0
2012-10-02 22:00:00,0
2012-10-03 01:00:00,0
2012-10-03 02:00:00,0
2012-10-04 00:00:00,0
2012-10-04 01:00:00,0
2012-10-04 05:00:00,0
2012-10-04 06:00:00,1
2012-10-04 07:00:00,0
2012-10-04 09:00:00,0
2012-10-07 07:00:00,0
2012-10-07 08:00:00,1
2012-10-07 09:00:00,3
2012-10-07 10:00:00,0
2012-10-07 13:00:00,0
2012-10-07 15:00:00,0
2012-10-07 16:00:00,0
2012-10-07 17:00:00,5
2012-10-07 18:00:00,2
2012-10-07 19:00:00,0
2012-10-08 15:00:00,0
2012-10-08 16:00:00,0
2012-10-08 20:00:00,2
2012-10-08 21:00:00,2
2012-10-08 22:00:00,0
2012-10-08 23:00:00,0
2012-10-09 00:00:00,0
2012-10-09 01:00:00,1
2012-10-09 02:00:00,4
2012-10-09 03:00:00,2
2012-10-09 04:00:00,1
2012-10-09 05:00:00,1
2012-10-10 01:00:00,0
2012-10-10 02:00:00,0
2012-10-15 09:00:00,0
2012-10-15 10:00:00,0
2012-10-15 13:00:00,2
2012-10-15 14:00:00,0
2012-10-15 18:00:00,2
2012-10-15 19:00:00,2
2012-10-15 20:00:00,0
2012-10-19 00:00:00,0
2012-10-19 01:00:00,0
2012-10-19 02:00:00,0
2012-10-19 06:00:00,0
2012-10-19 07:00:00,7
2012-10-19 08:00:00,0
2012-10-19 17:00:00,0
2012-10-19 18:00:00,14
2012-10-19 19:00:00,3
2012-10-28 00:00:00,0
2012-10-28 06:00:00,0
2012-10-28 07:00:00,0
2012-10-28 16:00:00,0
2012-10-28 17:00:00,0
2012-10-28 18:00:00,2
2012-10-28 19:00:00,3
2012-10-28 20:00:00,2
2012-10-28 21:00:00,2
2012-10-28 22:00:00,2
2012-10-28 23:00:00,3
2012-10-29 00:00:00,1
2012-10-29 01:00:00,3
2012-10-29 02:00:00,3
2012-10-29 03:00:00,5
2012-10-29 04:00:00,9
2012-10-29 05:00:00,10
2012-10-29 06:00:00,25
2012-10-29 07:00:00,19
2012-10-29 08:00:00,25
2012-10-29 09:00:00,21
2012-10-29 10:00:00,23
2012-10-29 11:00:00,22
2012-10-29 12:00:00,11
2012-10-29 13:00:00,19
2012-10-29 14:00:00,22
2012-10-29 15:00:00,15
2012-10-29 16:00:00,16
2012-10-29 17:00:00,20
2012-10-29 18:00:00,24
2012-10-29 19:00:00,26
2012-10-29 20:00:00,29
2012-10-29 21:00:00,13
2012-10-29 22:00:00,9
2012-10-29 23:00:00,10
2012-10-30 00:00:00,6
2012-10-30 01:00:00,13
2012-10-30 02:00:00,13
2012-10-30 03:00:00,8
2012-10-30 04:00:00,11
2012-10-30 05:00:00,6
2012-10-30 06:00:00,6
2012-10-30 07:00:00,9
2012-10-30 08:00:00,2
2012-10-30 09:00:00,3
2012-10-30 10:00:00,2
2012-10-30 11:00:00,3
2012-10-30 12:00:00,2
2012-10-30 13:00:00,0
2012-10-30 14:00:00,1
2012-10-30 15:00:00,1
2012-10-30 16:00:00,2
2012-10-30 17:00:00,1
2012-10-30 18:00:00,1
2012-10-30 19:00:00,0
2012-10-30 20:00:00,0
2012-10-31 07:00:00,0
2012-11-01 01:00:00,0
2012-11-01 09:00:00,0
2012-11-01 10:00:00,0
2012-11-01 11:00:00,0
2012-11-01 12:00:00,0
2012-11-01 13:00:00,0
2012-11-01 14:00:00,0
2012-11-01 15:00:00,0
2012-11-01 17:00:00,0
2012-11-01 18:00:00,0
2012-11-07 08:00:00,0
2012-11-07 17:00:00,0
2012-11-07 22:00:00,0
2012-11-07 23:00:00,2
2012-11-08 00:00:00,0
2012-11-08 01:00:00,1
2012-11-08 02:00:00,0
2012-11-08 03:00:00,0
2012-11-12 22:00:00,1
2012-11-13 00:00:00,0
2012-11-13 01:00:00,8
2012-11-13 02:00:00,17
2012-11-13 03:00:00,2
2012-11-13 04:00:00,1
2012-11-13 06:00:00,4
2012-11-13 07:00:00,3
2012-11-13 08:00:00,5
2012-11-13 09:00:00,6
2012-11-13 10:00:00,3
2012-11-13 11:00:00,1
2012-11-27 03:00:00,0
2012-11-27 04:00:00,0
2012-11-27 05:00:00,0
2012-11-27 07:00:00,0
2012-11-27 08:00:00,0
2012-11-27 09:00:00,1
2012-11-27 10:00:00,0
2012-11-27 11:00:00,3
2012-11-27 12:00:00,1
2012-11-27 13:00:00,0
2012-11-27 14:00:00,1
2012-11-27 15:00:00,0
2012-11-27 16:00:00,0
2012-12-01 01:00:00,0
2012-12-02 17:00:00,0
2012-12-02 18:00:00,1
2012-12-02 19:00:00,1
2012-12-03 00:00:00,0
2012-12-05 06:00:00,0
2012-12-05 07:00:00,0
2012-12-05 08:00:00,0
2012-12-07 07:00:00,1
2012-12-07 08:00:00,0
2012-12-07 09:00:00,1
2012-12-07 21:00:00,3
2012-12-07 22:00:00,0
2012-12-07 23:00:00,0
2012-12-09 06:00:00,0
2012-12-09 07:00:00,1
2012-12-09 08:00:00,6
2012-12-09 09:00:00,0
2012-12-09 12:00:00,0
2012-12-09 15:00:00,0
2012-12-09 16:00:00,0
2012-12-09 17:00:00,0
2012-12-09 18:00:00,0
2012-12-09 19:00:00,0
2012-12-09 20:00:00,7
2012-12-09 21:00:00,0
2012-12-09 22:00:00,0
2012-12-09 23:00:00,0
2012-12-10 00:00:00,0
2012-12-10 01:00:00,1
2012-12-10 12:00:00,0
2012-12-10 13:00:00,0
2012-12-10 14:00:00,0
2012-12-11 01:00:00,0
2012-12-11 03:00:00,7
2012-12-11 04:00:00,0
2012-12-11 05:00:00,0
2012-12-11 06:00:00,0
2012-12-16 01:00:00,1
2012-12-16 02:00:00,2
2012-12-16 03:00:00,0
2012-12-16 18:00:00,2
2012-12-16 19:00:00,4
2012-12-17 00:00:00,0
2012-12-17 01:00:00,1
2012-12-17 02:00:00,0
2012-12-17 03:00:00,0
2012-12-17 04:00:00,0
2012-12-17 05:00:00,1
2012-12-17 17:00:00,0
2012-12-17 21:00:00,0
2012-12-17 22:00:00,1
2012-12-17 23:00:00,2
2012-12-18 00:00:00,2
2012-12-18 13:00:00,0
2012-12-18 14:00:00,0
2012-12-20 17:00:00,0
2012-12-20 19:00:00,0
2012-12-20 20:00:00,4
2012-12-20 21:00:00,10
2012-12-20 22:00:00,19
2012-12-20 23:00:00,10
2012-12-21 00:00:00,13
2012-12-21 01:00:00,9
2012-12-21 02:00:00,6
2012-12-21 03:00:00,10
2012-12-21 04:00:00,1
2012-12-21 07:00:00,0
2012-12-24 13:00:00,0
2012-12-24 14:00:00,1
2012-12-24 15:00:00,3
2012-12-24 16:00:00,5
2012-12-24 17:00:00,3
2012-12-24 18:00:00,1
2012-12-24 19:00:00,1
2012-12-24 20:00:00,0
2012-12-24 21:00:00,0
2012-12-24 22:00:00,0
2012-12-24 23:00:00,0
2012-12-25 00:00:00,0
2012-12-26 07:00:00,0
2012-12-26 08:00:00,8
2012-12-26 09:00:00,5
2012-12-26 10:00:00,6
2012-12-26 11:00:00,8
2012-12-26 12:00:00,13
2012-12-26 13:00:00,19
2012-12-26 14:00:00,16
2012-12-26 15:00:00,4
2012-12-26 16:00:00,20
2012-12-26 17:00:00,25
2012-12-26 18:00:00,4
2012-12-26 19:00:00,2
2012-12-26 20:00:00,3
2012-12-26 21:00:00,5
2012-12-26 22:00:00,2
2012-12-26 23:00:00,1
2012-12-27 00:00:00,1
2012-12-27 01:00:00,2
2012-12-29 10:00:00,6
2012-12-29 11:00:00,8
2012-12-29 12:00:00,4
2012-12-29 13:00:00,0
2012-12-29 14:00:00,0
